BEGIN TRANSACTION;
-- Disable FK checks temporarily if permissions allow, strictly ordered otherwise

-- Table: countries
INSERT INTO countries VALUES('us', 'United States', 'NORTH AMERICA');
INSERT INTO countries VALUES('jp', 'Japan', 'ASIA');
INSERT INTO countries VALUES('ca', 'Canada', 'NORTH AMERICA');
INSERT INTO countries VALUES('de', 'Germany', 'EUROPE');
INSERT INTO countries VALUES('no', 'Norway', 'EUROPE');
INSERT INTO countries VALUES('in', 'India', 'ASIA');
INSERT INTO countries VALUES('es', 'Spain', 'EUROPE');
INSERT INTO countries VALUES('cn', 'China', 'ASIA');

-- Table: movies
INSERT INTO movies VALUES(520318, 'Fatima', 'us', 2020, 113);
INSERT INTO movies VALUES(635302, 'Demon Slayer -Kimetsu no Yaiba- The Movie: Mugen Train', 'jp', 2020, 117);
INSERT INTO movies VALUES(656844, 'Winter in Vail', 'ca', 2020, 90);
INSERT INTO movies VALUES(587792, 'Palm Springs', 'us', 2020, 90);
INSERT INTO movies VALUES(615665, 'Holidate', 'us', 2020, 104);
INSERT INTO movies VALUES(634649, 'Spider-Man: No Way Home', 'us', 2021, 148);
INSERT INTO movies VALUES(438631, 'Dune', 'us', 2021, 155);
INSERT INTO movies VALUES(550988, 'Free Guy', 'us', 2021, 115);
INSERT INTO movies VALUES(615457, 'Nobody', 'us', 2021, 91);
INSERT INTO movies VALUES(718838, 'Mothering Sunday', 'de', 2021, 104);
INSERT INTO movies VALUES(736526, 'Troll', 'no', 2022, 104);
INSERT INTO movies VALUES(76600, 'Avatar: The Way of Water', 'us', 2022, 192);
INSERT INTO movies VALUES(361743, 'Top Gun: Maverick', 'us', 2022, 131);
INSERT INTO movies VALUES(858485, 'Kantara', 'in', 2022, 147);
INSERT INTO movies VALUES(760104, 'X', 'us', 2022, 106);
INSERT INTO movies VALUES(1010581, 'My Fault', 'es', 2023, 117);
INSERT INTO movies VALUES(507089, 'Five Nights at Freddy''s', 'us', 2023, 110);
INSERT INTO movies VALUES(1029575, 'The Family Plan', 'us', 2023, 118);
INSERT INTO movies VALUES(502356, 'The Super Mario Bros. Movie', 'jp', 2023, 93);
INSERT INTO movies VALUES(385687, 'Fast X', 'us', 2023, 142);
INSERT INTO movies VALUES(1033462, 'Bureau 749', 'cn', 2024, 123);
INSERT INTO movies VALUES(1116465, 'A Legend', 'cn', 2024, 129);
INSERT INTO movies VALUES(1130276, 'Succubus', 'us', 2024, 103);
INSERT INTO movies VALUES(1128650, 'The Prosecutor', 'cn', 2024, 117);
INSERT INTO movies VALUES(402431, 'Wicked', 'us', 2024, 162);

-- Table: people
INSERT INTO people VALUES(1037, 'Harvey', 'Keitel', 1939, NULL, 'M');
INSERT INTO people VALUES(27396, 'Sônia', 'Braga', 1950, NULL, 'F');
INSERT INTO people VALUES(5725, 'Goran', 'Višnjić', 1972, NULL, 'M');
INSERT INTO people VALUES(59984, 'Marco', 'Pontecorvo', 1966, NULL, 'M');
INSERT INTO people VALUES(1256603, 'Natsuki', 'Hanae', 1991, NULL, 'M');
INSERT INTO people VALUES(1563442, 'Akari', 'Kito', 1994, NULL, 'F');
INSERT INTO people VALUES(119145, 'Hiro', 'Shimono', 1980, NULL, 'M');
INSERT INTO people VALUES(22082, 'Lacey', 'Chabert', 1982, NULL, 'F');
INSERT INTO people VALUES(218923, 'Tyler', 'Hynes', 1986, NULL, 'M');
INSERT INTO people VALUES(62861, 'Andy', 'Samberg', 1978, NULL, 'M');
INSERT INTO people VALUES(204392, 'Cristin', 'Milioti', 1985, NULL, 'F');
INSERT INTO people VALUES(18999, 'J.K.', 'Simmons', 1955, NULL, 'M');
INSERT INTO people VALUES(34847, 'Emma', 'Roberts', 1991, NULL, 'F');
INSERT INTO people VALUES(972356, 'Luke', 'Bracey', 1989, NULL, 'M');
INSERT INTO people VALUES(52775, 'Kristin', 'Chenoweth', 1968, NULL, 'F');
INSERT INTO people VALUES(61175, 'John', 'Whitesell', 1953, NULL, 'M');
INSERT INTO people VALUES(1136406, 'Tom', 'Holland', 1996, NULL, 'M');
INSERT INTO people VALUES(505710, NULL, 'Zendaya', 1996, NULL, 'F');
INSERT INTO people VALUES(71580, 'Benedict', 'Cumberbatch', 1976, NULL, 'M');
INSERT INTO people VALUES(1293994, 'Jon', 'Watts', 1981, NULL, 'M');
INSERT INTO people VALUES(1190668, 'Timothée', 'Chalamet', 1995, NULL, 'M');
INSERT INTO people VALUES(933238, 'Rebecca', 'Ferguson', 1983, NULL, 'F');
INSERT INTO people VALUES(25072, 'Oscar', 'Isaac', 1979, NULL, 'M');
INSERT INTO people VALUES(137427, 'Denis', 'Villeneuve', 1967, NULL, 'M');
INSERT INTO people VALUES(10859, 'Ryan', 'Reynolds', 1976, NULL, 'M');
INSERT INTO people VALUES(1388593, 'Jodie', 'Comer', 1993, NULL, 'F');
INSERT INTO people VALUES(1488961, 'Lil Rel', 'Howery', 1979, NULL, 'M');
INSERT INTO people VALUES(17825, 'Shawn', 'Levy', 1968, NULL, 'M');
INSERT INTO people VALUES(59410, 'Bob', 'Odenkirk', 1962, NULL, 'M');
INSERT INTO people VALUES(113332, 'Aleksey', 'Serebryakov', 1964, NULL, 'M');
INSERT INTO people VALUES(935, 'Connie', 'Nielsen', 1965, NULL, 'F');
INSERT INTO people VALUES(1169024, 'Ilya', 'Naishuller', 1983, NULL, 'M');
INSERT INTO people VALUES(1345495, 'Odessa', 'Young', 1998, NULL, 'F');
INSERT INTO people VALUES(1206334, 'Josh', 'O''Connor', 1990, NULL, 'M');
INSERT INTO people VALUES(1479869, 'Ṣọpẹ́', 'Dìrísù', 1991, NULL, 'M');
INSERT INTO people VALUES(1161214, 'Eva', 'Husson', 1977, NULL, 'F');
INSERT INTO people VALUES(1394758, 'Ine Marie', 'Wilmann', 1985, NULL, 'F');
INSERT INTO people VALUES(105563, 'Mads Sjøgård', 'Pettersen', 1984, NULL, 'M');
INSERT INTO people VALUES(87877, 'Roar', 'Uthaug', 1973, NULL, 'M');
INSERT INTO people VALUES(65731, 'Sam', 'Worthington', 1976, NULL, 'M');
INSERT INTO people VALUES(8691, 'Zoe', 'Saldaña', 1978, NULL, 'F');
INSERT INTO people VALUES(10205, 'Sigourney', 'Weaver', 1949, NULL, 'F');
INSERT INTO people VALUES(2710, 'James', 'Cameron', 1954, NULL, 'M');
INSERT INTO people VALUES(500, 'Tom', 'Cruise', 1962, NULL, 'M');
INSERT INTO people VALUES(5576, 'Val', 'Kilmer', 1959, 2025, 'M');
INSERT INTO people VALUES(996701, 'Miles', 'Teller', 1987, NULL, 'M');
INSERT INTO people VALUES(86270, 'Joseph', 'Kosinski', 1974, NULL, 'M');
INSERT INTO people VALUES(1752058, 'Rishab', 'Shetty', 1983, NULL, 'M');
INSERT INTO people VALUES(2547382, 'Sapthami', 'Gowda', 1996, NULL, 'F');
INSERT INTO people VALUES(550166, NULL, 'Kishore', 1974, NULL, 'M');
INSERT INTO people VALUES(1137824, 'Mia', 'Goth', 1993, NULL, 'F');
INSERT INTO people VALUES(974169, 'Jenna', 'Ortega', 2002, NULL, 'F');
INSERT INTO people VALUES(29221, 'Brittany', 'Snow', 1986, NULL, 'F');
INSERT INTO people VALUES(101542, 'Ti', 'West', 1980, NULL, 'M');
INSERT INTO people VALUES(2527414, 'Nicole', 'Wallace', 2002, NULL, 'F');
INSERT INTO people VALUES(2786960, 'Gabriel', 'Guevara', 2001, NULL, 'M');
INSERT INTO people VALUES(970027, 'Marta', 'Hazas', 1977, NULL, 'F');
INSERT INTO people VALUES(27972, 'Josh', 'Hutcherson', 1992, NULL, 'M');
INSERT INTO people VALUES(2283930, 'Piper', 'Rubio', 2013, NULL, 'F');
INSERT INTO people VALUES(1368507, 'Elizabeth', 'Lail', 1992, NULL, 'F');
INSERT INTO people VALUES(2103746, 'Emma', 'Tammi', 1982, NULL, 'F');
INSERT INTO people VALUES(13240, 'Mark', 'Wahlberg', 1971, NULL, 'M');
INSERT INTO people VALUES(11705, 'Michelle', 'Monaghan', 1976, NULL, 'F');
INSERT INTO people VALUES(21045, 'Maggie', 'Q', 1979, NULL, 'F');
INSERT INTO people VALUES(144798, 'Simon Cellan', 'Jones', 1963, NULL, 'M');
INSERT INTO people VALUES(73457, 'Chris', 'Pratt', 1979, NULL, 'M');
INSERT INTO people VALUES(1397778, 'Anya', 'Taylor-Joy', 1996, NULL, 'F');
INSERT INTO people VALUES(95101, 'Charlie', 'Day', 1976, NULL, 'M');
INSERT INTO people VALUES(113901, 'Michael', 'Jelenic', 1977, NULL, 'M');
INSERT INTO people VALUES(12835, 'Vin', 'Diesel', 1967, NULL, 'M');
INSERT INTO people VALUES(17647, 'Michelle', 'Rodriguez', 1978, NULL, 'F');
INSERT INTO people VALUES(8169, 'Tyrese', 'Gibson', 1978, NULL, 'M');
INSERT INTO people VALUES(18865, 'Louis', 'Leterrier', 1973, NULL, 'M');
INSERT INTO people VALUES(1785744, 'Karry', 'Wang', 1999, NULL, 'M');
INSERT INTO people VALUES(1414138, 'Miao', 'Miao', 1988, NULL, 'F');
INSERT INTO people VALUES(1279598, 'Ryan', 'Zheng', 1986, NULL, 'M');
INSERT INTO people VALUES(79153, 'Lu', 'Chuan', 1971, NULL, 'M');
INSERT INTO people VALUES(18897, 'Jackie', 'Chan', 1954, NULL, 'M');
INSERT INTO people VALUES(1532511, 'Zhang', 'Yixing', 1991, NULL, 'M');
INSERT INTO people VALUES(1291460, 'Gulnezer', 'Bextiyar', 1992, NULL, 'F');
INSERT INTO people VALUES(44916, 'Stanley Tong', 'Gwai-Lai', 1960, NULL, 'M');
INSERT INTO people VALUES(1564490, 'Brendan', 'Bradley', 1983, NULL, 'M');
INSERT INTO people VALUES(1495677, 'Rachel', 'Cook', 1995, NULL, 'F');
INSERT INTO people VALUES(1423663, 'Olivia Grace', 'Applegate', 1991, NULL, 'F');
INSERT INTO people VALUES(1341, 'Donnie', 'Yen', 1963, NULL, 'M');
INSERT INTO people VALUES(63584, 'Francis Ng', 'Chun-Yu', 1961, NULL, 'M');
INSERT INTO people VALUES(144860, 'Julian Cheung', 'Chi-Lam', 1971, NULL, 'M');
INSERT INTO people VALUES(1765068, 'Cynthia', 'Erivo', 1987, NULL, 'F');
INSERT INTO people VALUES(226001, 'Ariana', 'Grande', 1993, NULL, 'F');
INSERT INTO people VALUES(1620, 'Michelle', 'Yeoh', 1962, NULL, 'F');
INSERT INTO people VALUES(54507, 'Jon M.', 'Chu', 1979, NULL, 'M');

-- Table: credits
INSERT INTO credits VALUES(507089, 2103746, 'D');
INSERT INTO credits VALUES(1130276, 1495677, 'A');
INSERT INTO credits VALUES(520318, 27396, 'A');
INSERT INTO credits VALUES(718838, 1206334, 'A');
INSERT INTO credits VALUES(507089, 27972, 'A');
INSERT INTO credits VALUES(760104, 29221, 'A');
INSERT INTO credits VALUES(858485, 550166, 'A');
INSERT INTO credits VALUES(615665, 61175, 'D');
INSERT INTO credits VALUES(361743, 5576, 'A');
INSERT INTO credits VALUES(858485, 2547382, 'A');
INSERT INTO credits VALUES(1033462, 1785744, 'A');
INSERT INTO credits VALUES(634649, 1293994, 'D');
INSERT INTO credits VALUES(718838, 1479869, 'A');
INSERT INTO credits VALUES(858485, 1752058, 'A');
INSERT INTO credits VALUES(438631, 933238, 'A');
INSERT INTO credits VALUES(587792, 18999, 'A');
INSERT INTO credits VALUES(1128650, 144860, 'A');
INSERT INTO credits VALUES(587792, 62861, 'A');
INSERT INTO credits VALUES(656844, 22082, 'A');
INSERT INTO credits VALUES(76600, 2710, 'D');
INSERT INTO credits VALUES(1033462, 79153, 'D');
INSERT INTO credits VALUES(402431, 1620, 'A');
INSERT INTO credits VALUES(438631, 137427, 'D');
INSERT INTO credits VALUES(760104, 101542, 'D');
INSERT INTO credits VALUES(718838, 1345495, 'A');
INSERT INTO credits VALUES(615665, 52775, 'A');
INSERT INTO credits VALUES(550988, 10859, 'A');
INSERT INTO credits VALUES(1029575, 13240, 'A');
INSERT INTO credits VALUES(76600, 8691, 'A');
INSERT INTO credits VALUES(402431, 226001, 'A');
INSERT INTO credits VALUES(76600, 10205, 'A');
INSERT INTO credits VALUES(402431, 54507, 'D');
INSERT INTO credits VALUES(1116465, 1532511, 'A');
INSERT INTO credits VALUES(1033462, 1414138, 'A');
INSERT INTO credits VALUES(760104, 1137824, 'A');
INSERT INTO credits VALUES(1128650, 63584, 'A');
INSERT INTO credits VALUES(507089, 2283930, 'A');
INSERT INTO credits VALUES(1130276, 1564490, 'A');
INSERT INTO credits VALUES(1029575, 21045, 'A');
INSERT INTO credits VALUES(385687, 12835, 'A');
INSERT INTO credits VALUES(1116465, 18897, 'A');
INSERT INTO credits VALUES(635302, 1563442, 'A');
INSERT INTO credits VALUES(1010581, 970027, 'A');
INSERT INTO credits VALUES(634649, 505710, 'A');
INSERT INTO credits VALUES(361743, 86270, 'D');
INSERT INTO credits VALUES(502356, 113901, 'D');
INSERT INTO credits VALUES(1116465, 44916, 'D');
INSERT INTO credits VALUES(438631, 1190668, 'A');
INSERT INTO credits VALUES(502356, 73457, 'A');
INSERT INTO credits VALUES(1010581, 2786960, 'A');
INSERT INTO credits VALUES(615665, 972356, 'A');
INSERT INTO credits VALUES(1116465, 1291460, 'A');
INSERT INTO credits VALUES(402431, 1765068, 'A');
INSERT INTO credits VALUES(635302, 1256603, 'A');
INSERT INTO credits VALUES(1033462, 1279598, 'A');
INSERT INTO credits VALUES(385687, 17647, 'A');
INSERT INTO credits VALUES(520318, 1037, 'A');
INSERT INTO credits VALUES(1029575, 11705, 'A');
INSERT INTO credits VALUES(520318, 59984, 'D');
INSERT INTO credits VALUES(634649, 71580, 'A');
INSERT INTO credits VALUES(718838, 1161214, 'D');
INSERT INTO credits VALUES(502356, 95101, 'A');
INSERT INTO credits VALUES(1128650, 1341, 'D');
INSERT INTO credits VALUES(736526, 1394758, 'A');
INSERT INTO credits VALUES(385687, 18865, 'D');
INSERT INTO credits VALUES(550988, 17825, 'D');
INSERT INTO credits VALUES(1029575, 144798, 'D');
INSERT INTO credits VALUES(656844, 218923, 'A');
INSERT INTO credits VALUES(1130276, 1423663, 'A');
INSERT INTO credits VALUES(736526, 87877, 'D');
INSERT INTO credits VALUES(507089, 1368507, 'A');
INSERT INTO credits VALUES(615457, 113332, 'A');
INSERT INTO credits VALUES(587792, 204392, 'A');
INSERT INTO credits VALUES(634649, 1136406, 'A');
INSERT INTO credits VALUES(635302, 119145, 'A');
INSERT INTO credits VALUES(615457, 935, 'A');
INSERT INTO credits VALUES(736526, 105563, 'A');
INSERT INTO credits VALUES(550988, 1388593, 'A');
INSERT INTO credits VALUES(361743, 996701, 'A');
INSERT INTO credits VALUES(520318, 5725, 'A');
INSERT INTO credits VALUES(858485, 1752058, 'D');
INSERT INTO credits VALUES(76600, 65731, 'A');
INSERT INTO credits VALUES(615665, 34847, 'A');
INSERT INTO credits VALUES(550988, 1488961, 'A');
INSERT INTO credits VALUES(438631, 25072, 'A');
INSERT INTO credits VALUES(385687, 8169, 'A');
INSERT INTO credits VALUES(361743, 500, 'A');
INSERT INTO credits VALUES(760104, 974169, 'A');
INSERT INTO credits VALUES(502356, 1397778, 'A');
INSERT INTO credits VALUES(1128650, 1341, 'A');
INSERT INTO credits VALUES(615457, 59410, 'A');
INSERT INTO credits VALUES(1010581, 2527414, 'A');
INSERT INTO credits VALUES(615457, 1169024, 'D');

-- Table: alt_titles
INSERT INTO alt_titles VALUES(20000, 520318, 'Fátima - A História de um Milagre');
INSERT INTO alt_titles VALUES(20001, 520318, 'Das Wunder von Fatima');
INSERT INTO alt_titles VALUES(20002, 635302, 'Kimetsu no Yaiba : Le Train de l''infini');
INSERT INTO alt_titles VALUES(20003, 635302, '劇場版 鬼滅の刃 無限列車編');
INSERT INTO alt_titles VALUES(20004, 656844, 'Un hiver romantique');
INSERT INTO alt_titles VALUES(20005, 587792, 'Палм-Спрінгз');
INSERT INTO alt_titles VALUES(20006, 587792, 'Палм-Спрінґз');
INSERT INTO alt_titles VALUES(20007, 615665, 'Плюс один на свята');
INSERT INTO alt_titles VALUES(20008, 615665, '节日限定之恋');
INSERT INTO alt_titles VALUES(20009, 634649, '스파이더맨 3');
INSERT INTO alt_titles VALUES(20010, 634649, 'مرد عنکبوتی : بدون راه برگشت');
INSERT INTO alt_titles VALUES(20011, 438631, 'デューン');
INSERT INTO alt_titles VALUES(20012, 438631, 'Dune: Part One');
INSERT INTO alt_titles VALUES(20013, 550988, 'Свободный');
INSERT INTO alt_titles VALUES(20014, 550988, 'Free Player');
INSERT INTO alt_titles VALUES(20015, 615457, 'Хэн ч биш');
INSERT INTO alt_titles VALUES(20016, 615457, 'Hiçkimse');
INSERT INTO alt_titles VALUES(20017, 718838, 'Mātes svētdiena');
INSERT INTO alt_titles VALUES(20018, 718838, 'Primavera en Beechwood');
INSERT INTO alt_titles VALUES(20019, 736526, '山怪巨魔');
INSERT INTO alt_titles VALUES(20020, 736526, 'トロール');
INSERT INTO alt_titles VALUES(20021, 76600, 'Įsikūnijimas 2');
INSERT INTO alt_titles VALUES(20022, 76600, 'Аватар 2');
INSERT INTO alt_titles VALUES(20023, 361743, 'Лучший стрелок 2');
INSERT INTO alt_titles VALUES(20024, 361743, 'Top Gun 2');
INSERT INTO alt_titles VALUES(20025, 858485, 'कांतारा');
INSERT INTO alt_titles VALUES(20026, 858485, 'কান্তারা');
INSERT INTO alt_titles VALUES(20027, 760104, 'Икс');
INSERT INTO alt_titles VALUES(20028, 760104, '엑스');
INSERT INTO alt_titles VALUES(20029, 1010581, '我的错误');
INSERT INTO alt_titles VALUES(20030, 1010581, 'اشتباه من');
INSERT INTO alt_titles VALUES(20031, 507089, 'Bad Cupcake');
INSERT INTO alt_titles VALUES(20032, 507089, 'FNaF');
INSERT INTO alt_titles VALUES(20033, 1029575, 'خطة العائلة');
INSERT INTO alt_titles VALUES(20034, 1029575, 'התוכנית המשפחתית');
INSERT INTO alt_titles VALUES(20035, 502356, 'Super Mario Movie');
INSERT INTO alt_titles VALUES(20036, 502356, 'Super Mario Bros.');
INSERT INTO alt_titles VALUES(20037, 385687, 'Szybcy i wsciekli X');
INSERT INTO alt_titles VALUES(20038, 385687, 'Форсаж 10');
INSERT INTO alt_titles VALUES(20039, 1033462, '749：异族崛起');
INSERT INTO alt_titles VALUES(20040, 1033462, '两万里计划');
INSERT INTO alt_titles VALUES(20041, 1116465, 'Chuan Shuo');
INSERT INTO alt_titles VALUES(20042, 1116465, '神话2');
INSERT INTO alt_titles VALUES(20043, 1128650, 'Misjudgement');
INSERT INTO alt_titles VALUES(20044, 1128650, '誤判');
INSERT INTO alt_titles VALUES(20045, 402431, '위키드: 파트 1');
INSERT INTO alt_titles VALUES(20046, 402431, 'Wicked Part 1');
COMMIT;
